city,state,last_modified
Anchorage,AK,2021-02-04 17:03:00
Juneau,AK,2021-02-07 07:55:00
Fairbanks,AK,2021-02-07 07:55:00
Badger,AK,2021-02-07 07:55:00
Knik-Fairview,AK,2021-02-07 07:55:00
College,AK,2021-02-07 07:55:00
Tanaina,AK,2021-02-07 07:55:00
Lakes,AK,2021-02-07 07:55:00
Wasilla,AK,2021-02-07 07:55:00
Sitka,AK,2021-02-07 07:55:00
Kalifornsky,AK,2021-02-07 07:55:00
Ketchikan,AK,2021-02-07 07:55:00
Meadow Lakes,AK,2021-02-07 07:55:00
Kenai,AK,2021-02-07 07:55:00
Steele Creek,AK,2021-02-07 07:55:00
Palmer,AK,2021-02-07 07:55:00
Gateway,AK,2021-02-07 07:55:00
Fishhook,AK,2021-02-07 07:55:00
Bethel,AK,2021-02-07 07:55:00
Chena Ridge,AK,2021-02-07 07:55:00
Kodiak,AK,2021-02-07 07:55:00
Homer,AK,2021-02-07 07:55:00
Farmers Loop,AK,2021-02-07 07:55:00
Sterling,AK,2021-02-07 07:55:00
Birmingham,AL,2021-02-04 17:03:00
Montgomery,AL,2021-02-04 17:03:00
Huntsville,AL,2021-02-04 17:03:00
Mobile,AL,2021-02-04 17:03:00
Tuscaloosa,AL,2021-02-04 17:03:00
Hoover,AL,2021-02-04 17:03:00
Dothan,AL,2021-02-04 17:03:00
Auburn,AL,2021-02-04 17:03:00
Decatur,AL,2021-02-04 17:03:00
Madison,AL,2021-02-07 07:55:00
Florence,AL,2021-02-07 07:55:00
Phenix City,AL,2021-02-07 07:55:00
Prattville,AL,2021-02-07 08:11:00
Gadsden,AL,2021-02-07 08:11:00
Vestavia Hills,AL,2021-02-07 08:11:00
Alabaster,AL,2021-02-07 08:11:00
Opelika,AL,2021-02-07 08:11:00
Enterprise,AL,2021-02-07 08:11:00
Bessemer,AL,2021-02-07 08:11:00
Athens,AL,2021-02-07 08:11:00
Daphne,AL,2021-02-07 08:11:00
Northport,AL,2021-02-07 08:11:00
Homewood,AL,2021-02-07 08:11:00
Pelham,AL,2021-02-07 08:11:00
Trussville,AL,2021-02-07 08:11:00
Prichard,AL,2021-02-07 08:11:00
Anniston,AL,2021-02-07 08:11:00
Albertville,AL,2021-02-07 08:11:00
Oxford,AL,2021-02-07 08:11:00
Fairhope,AL,2021-02-07 08:11:00
Mountain Brook,AL,2021-02-07 08:11:00
Troy,AL,2021-02-07 08:11:00
Foley,AL,2021-02-07 08:11:00
Helena,AL,2021-02-07 08:11:00
Selma,AL,2021-02-07 08:11:00
Tillmans Corner,AL,2021-02-07 08:11:00
Center Point,AL,2021-02-07 08:11:00
Cullman,AL,2021-02-07 08:11:00
Millbrook,AL,2021-02-07 08:11:00
Hueytown,AL,2021-02-07 08:11:00
Talladega,AL,2021-02-07 08:11:00
Scottsboro,AL,2021-02-07 08:11:00
Alexander City,AL,2021-02-07 08:11:00
Hartselle,AL,2021-02-07 08:11:00
Ozark,AL,2021-02-07 08:11:00
Saraland,AL,2021-02-07 08:11:00
Fort Payne,AL,2021-02-07 08:11:00
Muscle Shoals,AL,2021-02-07 08:11:00
Gardendale,AL,2021-02-07 08:11:00
Calera,AL,2021-02-07 08:11:00
Pell City,AL,2021-02-07 08:11:00
Jasper,AL,2021-02-07 08:11:00
Chelsea,AL,2021-02-07 08:11:00
Moody,AL,2021-02-07 08:11:00
Jacksonville,AL,2021-02-07 08:11:00
Irondale,AL,2021-02-07 08:11:00
Leeds,AL,2021-02-07 08:11:00
Gulf Shores,AL,2021-02-07 08:11:00
Sylacauga,AL,2021-02-07 08:11:00
Eufaula,AL,2021-02-07 08:11:00
Fairfield,AL,2021-02-07 08:11:00
Saks,AL,2021-02-07 08:11:00
Clay,AL,2021-02-07 08:11:00
Russellville,AL,2021-02-07 08:11:00
Pleasant Grove,AL,2021-02-07 08:11:00
Rainbow City,AL,2021-02-07 08:11:00
Atmore,AL,2021-02-07 08:11:00
Meadowbrook,AL,2021-02-07 08:11:00
Pike Road,AL,2021-02-07 08:11:00
Valley,AL,2021-02-07 08:11:00
Boaz,AL,2021-02-07 08:11:00
Fultondale,AL,2021-02-07 08:11:00
Bay Minette,AL,2021-02-07 08:11:00
Sheffield,AL,2021-02-07 08:11:00
Forestdale,AL,2021-02-07 08:11:00
Southside,AL,2021-02-07 08:11:00
Andalusia,AL,2021-02-07 08:11:00
Clanton,AL,2021-02-07 08:11:00
Spanish Fort,AL,2021-02-07 08:11:00
Tuskegee,AL,2021-02-07 08:11:00
Guntersville,AL,2021-02-07 08:11:00
Tuscumbia,AL,2021-02-07 08:11:00
Arab,AL,2021-02-07 08:11:00
Wetumpka,AL,2021-02-07 08:11:00
Greenville,AL,2021-02-07 08:11:00
Brook Highland,AL,2021-02-07 08:11:00
Pinson,AL,2021-02-07 08:11:00
Meridianville,AL,2021-02-07 08:11:00
Moores Mill,AL,2021-02-07 08:11:00
Demopolis,AL,2021-02-07 08:11:00
Montevallo,AL,2021-02-07 08:11:00
Hamilton,AL,2021-02-07 08:11:00
Lincoln,AL,2021-02-07 08:11:00
Oneonta,AL,2021-02-07 08:11:00
Robertsdale,AL,2021-02-07 08:11:00
Opp,AL,2021-02-07 08:11:00
Theodore,AL,2021-02-07 08:11:00
Lanett,AL,2021-02-07 08:11:00
Grayson Valley,AL,2021-02-07 08:11:00
Tarrant,AL,2021-02-07 08:11:00
Satsuma,AL,2021-02-07 08:11:00
Orange Beach,AL,2021-02-07 08:11:00
Roanoke,AL,2021-02-07 08:11:00
Monroeville,AL,2021-02-07 08:11:00
Attalla,AL,2021-02-07 08:11:00
Harvest,AL,2021-02-07 08:11:00
Chickasaw,AL,2021-02-07 08:11:00
Highland Lakes,AL,2021-02-07 08:11:00
Smiths Station,AL,2021-02-07 08:11:00
Semmes,AL,2021-02-07 08:19:00
Brewton,AL,2021-02-07 08:19:00
Daleville,AL,2021-02-07 08:19:00
Midfield,AL,2021-02-07 08:19:00
Glencoe,AL,2021-02-07 08:19:00
Rainsville,AL,2021-02-07 08:19:00
Little Rock,AR,2021-02-05 07:30:00
Fort Smith,AR,2021-02-05 07:30:00
Fayetteville,AR,2021-02-05 07:30:00
Springdale,AR,2021-02-05 07:30:00
Jonesboro,AR,2021-02-05 07:30:00
Rogers,AR,2021-02-05 07:30:00
Conway,AR,2021-02-05 07:30:00
North Little Rock,AR,2021-02-05 07:30:00
Bentonville,AR,2021-02-07 08:22:00
Pine Bluff,AR,2021-02-07 08:22:00
Hot Springs,AR,2021-02-07 08:22:00
Benton,AR,2021-02-07 08:22:00
Sherwood,AR,2021-02-07 08:22:00
Texarkana,AR,2021-02-07 08:22:00
Russellville,AR,2021-02-07 08:22:00
Paragould,AR,2021-02-07 08:22:00
Bella Vista,AR,2021-02-07 08:22:00
Jacksonville,AR,2021-02-07 08:22:00
Cabot,AR,2021-02-07 08:22:00
West Memphis,AR,2021-02-07 08:22:00
Searcy,AR,2021-02-07 08:22:00
Van Buren,AR,2021-02-07 08:22:00
Bryant,AR,2021-02-07 08:22:00
Maumelle,AR,2021-02-07 08:22:00
El Dorado,AR,2021-02-07 08:22:00
Siloam Springs,AR,2021-02-07 08:22:00
Hot Springs Village,AR,2021-02-07 08:22:00
Forrest City,AR,2021-02-07 08:22:00
Centerton,AR,2021-02-07 08:22:00
Blytheville,AR,2021-02-07 08:22:00
Harrison,AR,2021-02-07 08:22:00
Marion,AR,2021-02-07 08:22:00
Mountain Home,AR,2021-02-07 08:22:00
Magnolia,AR,2021-02-07 08:22:00
Camden,AR,2021-02-07 08:22:00
Malvern,AR,2021-02-07 08:22:00
Helena-West Helena,AR,2021-02-07 08:22:00
Batesville,AR,2021-02-07 08:22:00
Arkadelphia,AR,2021-02-07 08:22:00
Hope,AR,2021-02-07 08:22:00
Clarksville,AR,2021-02-07 08:22:00
Monticello,AR,2021-02-07 08:22:00
Greenwood,AR,2021-02-07 08:22:00
Lowell,AR,2021-02-07 08:22:00
Stuttgart,AR,2021-02-07 08:22:00
Beebe,AR,2021-02-07 08:22:00
Wynne,AR,2021-02-07 08:22:00
Newport,AR,2021-02-07 08:22:00
Trumann,AR,2021-02-07 08:22:00
Heber Springs,AR,2021-02-07 08:22:00
Farmington,AR,2021-02-07 08:22:00
Osceola,AR,2021-02-07 08:22:00
Morrilton,AR,2021-02-07 08:22:00
De Queen,AR,2021-02-07 08:22:00
Pocahontas,AR,2021-02-07 08:22:00
East End,AR,2021-02-07 08:22:00
Prairie Grove,AR,2021-02-07 08:22:00
Alma,AR,2021-02-07 08:22:00
Pea Ridge,AR,2021-02-07 08:22:00
Warren,AR,2021-02-07 08:22:00
Mena,AR,2021-02-07 08:22:00
Greenbrier,AR,2021-02-07 08:22:00
Berryville,AR,2021-02-07 08:22:00
Walnut Ridge,AR,2021-02-07 08:22:00
White Hall,AR,2021-02-07 08:22:00
Ward,AR,2021-02-07 08:22:00
Phoenix,AZ,2021-02-04 17:03:00
Tucson,AZ,2021-02-04 17:03:00
Mesa,AZ,2021-02-04 17:03:00
Chandler,AZ,2021-02-04 17:03:00
Scottsdale,AZ,2021-02-04 17:03:00
Glendale,AZ,2021-02-04 17:03:00
Gilbert,AZ,2021-02-04 17:03:00
Tempe,AZ,2021-02-04 17:03:00
Peoria,AZ,2021-02-04 17:03:00
Surprise,AZ,2021-02-04 17:03:00
San Tan Valley,AZ,2021-02-04 17:03:00
Yuma,AZ,2021-02-04 17:03:00
Avondale,AZ,2021-02-04 17:03:00
Goodyear,AZ,2021-02-04 17:03:00
Flagstaff,AZ,2021-02-04 17:03:00
Casas Adobes,AZ,2021-02-04 17:03:00
Buckeye,AZ,2021-02-04 17:03:00
Casa Grande,AZ,2021-02-04 17:03:00
Lake Havasu City,AZ,2021-02-04 17:03:00
Catalina Foothills,AZ,2021-02-04 17:03:00
Maricopa,AZ,2021-02-07 08:22:00
Marana,AZ,2021-02-07 08:22:00
Oro Valley,AZ,2021-02-07 08:22:00
Prescott Valley,AZ,2021-02-07 08:22:00
Sierra Vista,AZ,2021-02-07 08:22:00
Queen Creek,AZ,2021-02-07 08:22:00
Prescott,AZ,2021-02-07 08:22:00
Apache Junction,AZ,2021-02-07 08:22:00
Bullhead City,AZ,2021-02-07 08:22:00
Sun City,AZ,2021-02-07 08:22:00
El Mirage,AZ,2021-02-07 08:22:00
San Luis,AZ,2021-02-07 08:22:00
Fortuna Foothills,AZ,2021-02-07 08:22:00
Sahuarita,AZ,2021-02-07 08:22:00
Kingman,AZ,2021-02-07 08:22:00
Drexel Heights,AZ,2021-02-07 08:22:00
Florence,AZ,2021-02-07 08:22:00
Sun City West,AZ,2021-02-07 08:22:00
Fountain Hills,AZ,2021-02-07 08:22:00
Anthem,AZ,2021-02-07 08:22:00
Green Valley,AZ,2021-02-07 08:22:00
Nogales,AZ,2021-02-07 08:22:00
Rio Rico,AZ,2021-02-07 08:22:00
Eloy,AZ,2021-02-07 08:22:00
Douglas,AZ,2021-02-07 08:22:00
Somerton,AZ,2021-02-07 08:22:00
New River,AZ,2021-02-07 08:22:00
Sierra Vista Southeast,AZ,2021-02-07 08:22:00
Flowing Wells,AZ,2021-02-07 08:22:00
Tanque Verde,AZ,2021-02-07 08:22:00
Fort Mohave,AZ,2021-02-07 08:22:00
Payson,AZ,2021-02-07 08:22:00
Sun Lakes,AZ,2021-02-07 08:22:00
Paradise Valley,AZ,2021-02-07 08:22:00
New Kingman-Butler,AZ,2021-02-07 08:22:00
Vail,AZ,2021-02-07 08:22:00
Verde Village,AZ,2021-02-07 08:22:00
Coolidge,AZ,2021-02-07 08:22:00
Tucson Estates,AZ,2021-02-07 08:22:00
Cottonwood city,AZ,2021-02-07 08:22:00
Valencia West,AZ,2021-02-07 08:22:00
Chino Valley,AZ,2021-02-07 08:22:00
Gold Canyon,AZ,2021-02-07 08:22:00
Arizona City,AZ,2021-02-07 08:22:00
Camp Verde,AZ,2021-02-07 08:22:00
Show Low,AZ,2021-02-07 08:22:00
Saddlebrooke,AZ,2021-02-07 08:22:00
Sedona,AZ,2021-02-07 08:22:00
Safford,AZ,2021-02-07 08:22:00
Picture Rocks,AZ,2021-02-07 08:22:00
Winslow,AZ,2021-02-07 08:22:00
Golden Valley,AZ,2021-02-07 08:22:00
Tuba,AZ,2021-02-07 08:35:00
Corona de Tucson,AZ,2021-02-07 08:35:00
Catalina,AZ,2021-02-07 08:35:00
Page,AZ,2021-02-07 08:35:00
Wickenburg,AZ,2021-02-07 08:35:00
Globe,AZ,2021-02-07 08:35:00
Tolleson,AZ,2021-02-07 08:35:00
Youngtown,AZ,2021-02-07 08:35:00
Guadalupe,AZ,2021-02-07 08:35:00
Village of Oak Creek,AZ,2021-02-07 08:35:00
Avra Valley,AZ,2021-02-07 08:35:00
Litchfield Park,AZ,2021-02-07 08:35:00
Snowflake,AZ,2021-02-07 08:35:00
Cave Creek,AZ,2021-02-07 08:35:00
South Tucson,AZ,2021-02-07 08:35:00
Citrus Park,AZ,2021-02-07 08:38:00
Williamson,AZ,2021-02-07 08:38:00
Rincon Valley,AZ,2021-02-07 08:38:00
Bisbee,AZ,2021-02-07 08:38:00
Paulden,AZ,2021-02-07 08:38:00
Thatcher,AZ,2021-02-07 08:38:00
Holbrook,AZ,2021-02-07 08:38:00
Doney Park,AZ,2021-02-07 08:38:00
Los Angeles,CA,2021-02-05 07:30:00
San Diego,CA,2021-02-05 07:30:00
San Jose,CA,2021-02-05 07:30:00
San Francisco,CA,2021-02-05 07:30:00
Fresno,CA,2021-02-05 07:30:00
Sacramento,CA,2021-02-05 07:30:00
Long Beach,CA,2021-02-05 07:30:00
Oakland,CA,2021-02-05 07:30:00
Bakersfield,CA,2021-02-05 07:30:00
Anaheim,CA,2021-02-05 07:30:00
Santa Ana,CA,2021-02-05 07:30:00
Riverside,CA,2021-02-05 07:30:00
Stockton,CA,2021-02-05 07:30:00
Irvine,CA,2021-02-05 07:30:00
Chula Vista,CA,2021-02-05 07:30:00
Fremont,CA,2021-02-05 07:30:00
San Bernardino,CA,2021-02-05 07:30:00
Santa Clarita,CA,2021-02-05 07:30:00
Modesto,CA,2021-02-05 07:30:00
Fontana,CA,2021-02-05 07:30:00
Oxnard,CA,2021-02-05 07:30:00
Moreno Valley,CA,2021-02-05 07:30:00
Huntington Beach,CA,2021-02-05 07:30:00
Glendale,CA,2021-02-05 07:30:00
Santa Rosa,CA,2021-02-05 07:30:00
Ontario,CA,2021-02-05 07:30:00
Rancho Cucamonga,CA,2021-02-05 07:30:00
Oceanside,CA,2021-02-05 07:30:00
Garden Grove,CA,2021-02-05 07:30:00
Elk Grove,CA,2021-02-05 07:30:00
Corona,CA,2021-02-05 07:30:00
Hayward,CA,2021-02-05 07:30:00
Lancaster,CA,2021-02-05 07:30:00
Palmdale,CA,2021-02-05 07:30:00
Salinas,CA,2021-02-05 07:30:00
Sunnyvale,CA,2021-02-05 07:30:00
Pomona,CA,2021-02-05 07:30:00
Escondido,CA,2021-02-05 07:30:00
Torrance,CA,2021-02-05 07:30:00
Pasadena,CA,2021-02-05 07:30:00
Orange,CA,2021-02-05 07:30:00
Fullerton,CA,2021-02-05 07:30:00
Roseville,CA,2021-02-05 07:30:00
Visalia,CA,2021-02-05 07:30:00
Concord,CA,2021-02-05 07:30:00
Thousand Oaks,CA,2021-02-05 07:30:00
Santa Clara,CA,2021-02-05 07:30:00
Simi Valley,CA,2021-02-05 07:30:00
Victorville,CA,2021-02-05 07:30:00
Berkeley,CA,2021-02-05 07:30:00
Vallejo,CA,2021-02-05 07:30:00
East Los Angeles,CA,2021-02-05 07:30:00
El Monte,CA,2021-02-05 07:30:00
Fairfield,CA,2021-02-05 07:30:00
Carlsbad,CA,2021-02-05 07:30:00
Temecula,CA,2021-02-05 07:30:00
Costa Mesa,CA,2021-02-05 07:30:00
Murrieta,CA,2021-02-05 07:30:00
Downey,CA,2021-02-05 07:30:00
Antioch,CA,2021-02-05 07:30:00
San Buenaventura (Ventura),CA,2021-02-05 07:30:00
Richmond,CA,2021-02-05 07:30:00
Inglewood,CA,2021-02-05 07:30:00
Clovis,CA,2021-02-05 07:30:00
Daly City,CA,2021-02-05 07:30:00
West Covina,CA,2021-02-05 07:30:00
Santa Maria,CA,2021-02-05 07:30:00
Jurupa Valley,CA,2021-02-05 07:30:00
Norwalk,CA,2021-02-05 07:30:00
San Mateo,CA,2021-02-05 07:30:00
Burbank,CA,2021-02-05 07:30:00
El Cajon,CA,2021-02-05 07:30:00
Rialto,CA,2021-02-05 07:30:00
Arden-Arcade,CA,2021-02-05 07:30:00
Vista,CA,2021-02-05 07:30:00
Vacaville,CA,2021-02-05 07:30:00
Compton,CA,2021-02-05 07:30:00
Mission Viejo,CA,2021-02-05 07:30:00
San Marcos,CA,2021-02-05 07:30:00
South Gate,CA,2021-02-05 07:30:00
Chico,CA,2021-02-05 07:30:00
Hesperia,CA,2021-02-05 07:30:00
Carson,CA,2021-02-05 07:30:00
Redding,CA,2021-02-05 07:30:00
Santa Monica,CA,2021-02-05 07:30:00
Santa Barbara,CA,2021-02-05 07:30:00
Westminster,CA,2021-02-05 07:30:00
Tracy,CA,2021-02-05 07:30:00
Menifee,CA,2021-02-05 07:30:00
San Leandro,CA,2021-02-05 07:30:00
Livermore,CA,2021-02-05 07:30:00
Chino,CA,2021-02-05 07:30:00
Indio,CA,2021-02-05 07:30:00
Citrus Heights,CA,2021-02-05 07:30:00
Hawthorne,CA,2021-02-05 07:30:00
Whittier,CA,2021-02-05 07:30:00
Redwood City,CA,2021-02-05 07:30:00
Newport Beach,CA,2021-02-05 07:30:00
Alhambra,CA,2021-02-05 07:30:00
Hemet,CA,2021-02-05 07:30:00
Lake Forest,CA,2021-02-05 07:30:00
Merced,CA,2021-02-05 07:30:00
Buena Park,CA,2021-02-05 07:30:00
Pleasanton,CA,2021-02-05 07:30:00
Mountain View,CA,2021-02-05 07:43:00
Chino Hills,CA,2021-02-05 07:43:00
Lakewood,CA,2021-02-05 07:43:00
Tustin,CA,2021-02-05 07:43:00
Milpitas,CA,2021-02-05 07:43:00
Manteca,CA,2021-02-05 07:43:00
Napa,CA,2021-02-05 07:43:00
Alameda,CA,2021-02-05 07:43:00
Folsom,CA,2021-02-05 07:43:00
Perris,CA,2021-02-05 07:43:00
Bellflower,CA,2021-02-05 07:43:00
Upland,CA,2021-02-05 07:43:00
Baldwin Park,CA,2021-02-05 07:43:00
San Ramon,CA,2021-02-05 07:43:00
Union City,CA,2021-02-05 07:43:00
Rancho Cordova,CA,2021-02-05 07:43:00
Turlock,CA,2021-02-05 07:43:00
Apple Valley,CA,2021-02-05 07:43:00
Pittsburg,CA,2021-02-05 07:43:00
Redlands,CA,2021-02-05 07:43:00
Lynwood,CA,2021-02-05 07:43:00
Walnut Creek,CA,2021-02-05 07:43:00
Davis,CA,2021-02-05 07:43:00
Camarillo,CA,2021-02-05 07:43:00
Yorba Linda,CA,2021-02-05 07:43:00
Redondo Beach,CA,2021-02-05 07:43:00
South San Francisco,CA,2021-02-05 07:43:00
Palo Alto,CA,2021-02-05 07:43:00
Yuba City,CA,2021-02-05 07:43:00
Lodi,CA,2021-02-05 07:43:00
Lake Elsinore,CA,2021-02-05 07:43:00
Laguna Niguel,CA,2021-02-05 07:43:00
Florence-Graham,CA,2021-02-05 07:43:00
San Clemente,CA,2021-02-05 07:43:00
Rocklin,CA,2021-02-05 07:43:00
Madera,CA,2021-02-05 07:43:00
Santa Cruz,CA,2021-02-05 07:43:00
Carmichael,CA,2021-02-05 07:43:00
Tulare,CA,2021-02-05 07:43:00
Castro Valley,CA,2021-02-05 07:43:00
Pico Rivera,CA,2021-02-05 07:43:00
Encinitas,CA,2021-02-05 07:43:00
Montebello,CA,2021-02-05 07:43:00
Eastvale,CA,2021-02-05 07:43:00
Brentwood,CA,2021-02-05 07:43:00
Dublin,CA,2021-02-05 07:43:00
National City,CA,2021-02-05 07:43:00
Petaluma,CA,2021-02-05 07:43:00
La Habra,CA,2021-02-05 07:43:00
Monterey Park,CA,2021-02-05 07:43:00
South Whittier,CA,2021-02-05 07:43:00
Cupertino,CA,2021-02-05 07:43:00
Woodland,CA,2021-02-05 07:43:00
Gardena,CA,2021-02-05 07:43:00
Porterville,CA,2021-02-05 07:43:00
La Mesa,CA,2021-02-05 07:43:00
San Rafael,CA,2021-02-05 07:43:00
Huntington Park,CA,2021-02-05 07:43:00
Arcadia,CA,2021-02-05 07:43:00
Santee,CA,2021-02-05 07:43:00
Gilroy,CA,2021-02-05 07:43:00
Hanford,CA,2021-02-05 07:43:00
Diamond Bar,CA,2021-02-05 07:43:00
Fountain Valley,CA,2021-02-05 07:43:00
Novato,CA,2021-02-05 07:43:00
Hacienda Heights,CA,2021-02-05 07:43:00
Highland,CA,2021-02-05 07:43:00
Colton,CA,2021-02-05 07:43:00
Paramount,CA,2021-02-05 07:43:00
Cathedral City,CA,2021-02-05 07:43:00
Rosemead,CA,2021-02-05 07:43:00
Watsonville,CA,2021-02-05 07:43:00
Yucaipa,CA,2021-02-05 07:43:00
West Sacramento,CA,2021-02-05 07:43:00
Delano,CA,2021-02-05 07:43:00
Palm Desert,CA,2021-02-05 07:43:00
Placentia,CA,2021-02-05 07:43:00
Glendora,CA,2021-02-05 07:43:00
Aliso Viejo,CA,2021-02-05 07:43:00
Rowland Heights,CA,2021-02-05 07:43:00
Cerritos,CA,2021-02-05 07:43:00
Denver,CO,2021-02-03 09:47:00
Colorado Springs,CO,2021-02-03 09:47:00
Aurora,CO,2021-02-03 09:47:00
Fort Collins,CO,2021-02-03 09:47:00
Lakewood,CO,2021-02-03 09:47:00
Thornton,CO,2021-02-03 09:47:00
Arvada,CO,2021-02-03 09:47:00
Westminster,CO,2021-02-03 09:47:00
Pueblo,CO,2021-02-03 09:47:00
Centennial,CO,2021-02-03 09:47:00
Boulder,CO,2021-02-03 09:47:00
Greeley,CO,2021-02-03 09:47:00
Highlands Ranch,CO,2021-02-03 09:47:00
Longmont,CO,2021-02-03 09:47:00
Loveland,CO,2021-02-03 09:47:00
Broomfield,CO,2021-02-03 09:47:00
Castle Rock,CO,2021-02-03 09:47:00
Grand Junction,CO,2021-02-03 09:47:00
Commerce City,CO,2021-02-03 09:47:00
Parker,CO,2021-02-03 09:47:00
Bridgeport,CT,2021-02-05 07:43:00
New Haven,CT,2021-02-05 07:43:00
Stamford,CT,2021-02-05 07:43:00
Hartford,CT,2021-02-05 07:43:00
Waterbury,CT,2021-02-05 07:43:00
Norwalk,CT,2021-02-05 07:43:00
Danbury,CT,2021-02-05 07:43:00
New Britain,CT,2021-02-05 07:43:00
West Hartford,CT,2021-02-05 07:43:00
Greenwich,CT,2021-02-05 07:43:00
Fairfield,CT,2021-02-05 07:43:00
Hamden,CT,2021-02-05 07:43:00
Bristol,CT,2021-02-05 07:43:00
Meriden,CT,2021-02-05 07:43:00
Manchester,CT,2021-02-05 07:43:00
West Haven,CT,2021-02-05 07:43:00
Milford,CT,2021-02-05 07:43:00
Stratford,CT,2021-02-05 07:43:00
East Hartford,CT,2021-02-05 07:43:00
Wilmington,DE,2021-02-05 07:43:00
Jacksonville,FL,2021-02-05 07:43:00
Miami,FL,2021-02-05 07:43:00
Tampa,FL,2021-02-05 07:43:00
Orlando,FL,2021-02-05 07:43:00
St. Petersburg,FL,2021-02-05 07:43:00
Hialeah,FL,2021-02-05 07:43:00
Tallahassee,FL,2021-02-05 07:43:00
Port St. Lucie,FL,2021-02-05 07:43:00
Cape Coral,FL,2021-02-05 07:43:00
Fort Lauderdale,FL,2021-02-05 07:43:00
Pembroke Pines,FL,2021-02-05 07:43:00
Hollywood,FL,2021-02-05 07:43:00
Miramar,FL,2021-02-05 07:43:00
Coral Springs,FL,2021-02-05 07:43:00
Gainesville,FL,2021-02-05 07:43:00
Lehigh Acres,FL,2021-02-05 07:43:00
Brandon,FL,2021-02-05 07:43:00
Clearwater,FL,2021-02-05 07:43:00
Palm Bay,FL,2021-02-05 07:43:00
Miami Gardens,FL,2021-02-05 07:43:00
Spring Hill,FL,2021-02-05 07:43:00
Pompano Beach,FL,2021-02-05 07:43:00
West Palm Beach,FL,2021-02-05 07:43:00
Lakeland,FL,2021-02-05 07:43:00
Davie,FL,2021-02-05 07:43:00
Boca Raton,FL,2021-02-05 07:43:00
Riverview,FL,2021-02-05 07:43:00
Sunrise,FL,2021-02-05 07:43:00
Plantation,FL,2021-02-05 07:43:00
Alafaya,FL,2021-02-05 07:43:00
Deltona,FL,2021-02-05 07:43:00
Miami Beach,FL,2021-02-05 07:43:00
Town 'n' Country,FL,2021-02-05 07:43:00
Palm Coast,FL,2021-02-05 07:43:00
Largo,FL,2021-02-05 07:43:00
Melbourne,FL,2021-02-05 07:43:00
Deerfield Beach,FL,2021-02-05 07:43:00
Fort Myers,FL,2021-02-05 07:43:00
The Villages,FL,2021-02-05 07:43:00
Pine Hills,FL,2021-02-05 07:43:00
Boynton Beach,FL,2021-02-05 07:43:00
Kendall,FL,2021-02-05 07:43:00
Lauderhill,FL,2021-02-05 07:43:00
Kissimmee,FL,2021-02-05 07:43:00
Weston,FL,2021-02-05 07:43:00
Poinciana,FL,2021-02-05 07:43:00
Homestead,FL,2021-02-05 07:43:00
Delray Beach,FL,2021-02-05 07:43:00
Daytona Beach,FL,2021-02-05 07:43:00
North Port,FL,2021-02-05 07:43:00
Tamarac,FL,2021-02-05 07:43:00
Jupiter,FL,2021-02-05 07:43:00
Wellington,FL,2021-02-05 07:43:00
Port Orange,FL,2021-02-05 07:43:00
North Miami,FL,2021-02-05 07:43:00
Port Charlotte,FL,2021-02-05 07:43:00
Palm Harbor,FL,2021-02-05 07:43:00
The Hammocks,FL,2021-02-05 07:43:00
Fountainebleau,FL,2021-02-05 07:43:00
Coconut Creek,FL,2021-02-05 07:43:00
Doral,FL,2021-02-05 07:43:00
Sanford,FL,2021-02-05 07:43:00
Ocala,FL,2021-02-05 07:43:00
Wesley Chapel,FL,2021-02-05 07:43:00
Margate,FL,2021-02-05 07:43:00
Sarasota,FL,2021-02-05 07:43:00
Bradenton,FL,2021-02-05 07:43:00
Tamiami,FL,2021-02-05 07:43:00
Palm Beach Gardens,FL,2021-02-05 07:43:00
Kendale Lakes,FL,2021-02-05 07:43:00
Bonita Springs,FL,2021-02-05 07:43:00
Pinellas Park,FL,2021-02-05 07:43:00
Pensacola,FL,2021-02-05 07:43:00
Apopka,FL,2021-02-05 07:43:00
St. Cloud,FL,2021-02-05 07:43:00
Country Club,FL,2021-02-05 07:43:00
Coral Gables,FL,2021-02-05 07:43:00
Atlanta,GA,2021-02-05 11:08:00
Augusta-Richmond County,GA,2021-02-05 11:08:00
Columbus,GA,2021-02-05 11:08:00
Macon-Bibb County,GA,2021-02-05 11:08:00
Savannah,GA,2021-02-05 11:08:00
Athens-Clarke County,GA,2021-02-05 11:08:00
Sandy Springs,GA,2021-02-05 11:08:00
South Fulton,GA,2021-02-05 11:08:00
Roswell,GA,2021-02-05 11:08:00
Johns Creek,GA,2021-02-05 11:08:00
Warner Robins,GA,2021-02-05 11:08:00
Albany,GA,2021-02-05 11:08:00
Alpharetta,GA,2021-02-05 11:08:00
Marietta,GA,2021-02-05 11:08:00
Smyrna,GA,2021-02-05 11:08:00
Valdosta,GA,2021-02-05 11:08:00
Stonecrest,GA,2021-02-05 11:08:00
Brookhaven,GA,2021-02-05 11:08:00
Urban Honolulu,HI,2021-02-05 11:08:00
Des Moines,IA,2021-02-05 11:34:00
Cedar Rapids,IA,2021-02-05 11:34:00
Davenport,IA,2021-02-05 11:34:00
Sioux City,IA,2021-02-05 11:34:00
Iowa City,IA,2021-02-05 11:34:00
Waterloo,IA,2021-02-05 11:34:00
Ames,IA,2021-02-05 11:34:00
West Des Moines,IA,2021-02-05 11:34:00
Council Bluffs,IA,2021-02-05 11:34:00
Ankeny,IA,2021-02-05 11:34:00
Dubuque,IA,2021-02-05 11:34:00
Boise City,ID,2021-02-05 11:08:00
Meridian,ID,2021-02-05 11:08:00
Nampa,ID,2021-02-05 11:08:00
Idaho Falls,ID,2021-02-05 11:08:00
Pocatello,ID,2021-02-05 11:08:00
Caldwell,ID,2021-02-05 11:08:00
Coeur d'Alene,ID,2021-02-05 11:08:00
Chicago,IL,2021-02-05 14:54:00
Aurora,IL,2021-02-05 11:08:00
Joliet,IL,2021-02-05 11:34:00
Naperville,IL,2021-02-05 11:34:00
Rockford,IL,2021-02-05 11:34:00
Springfield,IL,2021-02-05 11:34:00
Peoria,IL,2021-02-05 11:34:00
Elgin,IL,2021-02-05 11:34:00
Champaign,IL,2021-02-05 11:34:00
Waukegan,IL,2021-02-05 11:34:00
Cicero,IL,2021-02-05 11:34:00
Bloomington,IL,2021-02-05 11:34:00
Arlington Heights,IL,2021-02-05 11:34:00
Evanston,IL,2021-02-05 11:34:00
Bolingbrook,IL,2021-02-05 11:34:00
Schaumburg,IL,2021-02-05 11:34:00
Decatur,IL,2021-02-05 11:34:00
Palatine,IL,2021-02-05 11:34:00
Skokie,IL,2021-02-05 11:34:00
Orland Park,IL,2021-02-05 11:34:00
Des Plaines,IL,2021-02-05 11:34:00
Tinley Park,IL,2021-02-05 11:34:00
Oak Lawn,IL,2021-02-05 11:34:00
Berwyn,IL,2021-02-05 11:34:00
Normal,IL,2021-02-05 11:34:00
Mount Prospect,IL,2021-02-05 11:34:00
Wheaton,IL,2021-02-05 11:34:00
Oak Park,IL,2021-02-05 11:34:00
Hoffman Estates,IL,2021-02-05 11:34:00
Indianapolis,IN,2021-02-05 11:34:00
Fort Wayne,IN,2021-02-05 11:34:00
Evansville,IN,2021-02-05 11:34:00
South Bend,IN,2021-02-05 11:34:00
Carmel,IN,2021-02-05 11:34:00
Fishers,IN,2021-02-05 11:34:00
Bloomington,IN,2021-02-05 11:34:00
Hammond,IN,2021-02-05 11:34:00
Gary,IN,2021-02-05 11:34:00
Lafayette,IN,2021-02-05 11:34:00
Muncie,IN,2021-02-05 11:34:00
Noblesville,IN,2021-02-05 11:34:00
Terre Haute,IN,2021-02-05 11:34:00
Kokomo,IN,2021-02-05 11:34:00
Greenwood,IN,2021-02-05 11:34:00
Anderson,IN,2021-02-05 11:34:00
Elkhart,IN,2021-02-05 11:34:00
Witchita,KS,2021-01-20 07:12:00
Overland Park,KS,2021-01-20 07:12:00
Kansas City,KS,2021-01-20 07:12:00
Olathe,KS,2021-01-20 07:12:00
Topeka,KS,2021-01-20 07:12:00
Lawrence,KS,2021-01-20 07:12:00
Shawnee,KS,2021-01-20 07:12:00
Manhattan,KS,2021-01-20 07:12:00
Lenexa,KS,2021-01-20 07:12:00
Louisville,KY,2021-02-05 11:34:00
Lexington,KY,2021-02-05 11:34:00
Bowling Green,KY,2021-02-05 11:34:00
Owensboro,KY,2021-02-05 11:34:00
New Orleans,LA,2021-02-05 11:34:00
Baton Rouge,LA,2021-02-05 11:34:00
Shreveport,LA,2021-02-05 11:34:00
Metairie,LA,2021-02-05 11:34:00
Lafayette,LA,2021-02-05 11:34:00
Lake Charles,LA,2021-02-05 11:34:00
Bossier City,LA,2021-02-05 11:34:00
Kenner,LA,2021-02-05 11:34:00
Boston,MA,2021-02-05 11:34:00
Worcester,MA,2021-02-05 11:34:00
Springfield,MA,2021-02-05 11:34:00
Cambridge,MA,2021-02-05 11:34:00
Lowell,MA,2021-02-05 11:34:00
Brockton,MA,2021-02-05 11:34:00
New Bedford,MA,2021-02-05 11:34:00
Quincy,MA,2021-02-05 11:34:00
Lynn,MA,2021-02-05 11:34:00
Fall River,MA,2021-02-05 11:34:00
Newton,MA,2021-02-05 11:34:00
Somerville,MA,2021-02-05 11:34:00
Lawrence,MA,2021-02-05 11:34:00
Framingham,MA,2021-02-05 11:34:00
Haverhill,MA,2021-02-05 11:34:00
Waltham,MA,2021-02-05 11:34:00
Malden,MA,2021-02-05 11:34:00
Plymouth,MA,2021-02-05 11:34:00
Brookline,MA,2021-02-05 11:34:00
Medford,MA,2021-02-05 11:34:00
Taunton,MA,2021-02-05 11:34:00
Weymouth,MA,2021-02-05 11:34:00
Chicopee,MA,2021-02-05 11:34:00
Revere,MA,2021-02-05 11:34:00
Peabody,MA,2021-02-05 11:34:00
Methuen Town,MA,2021-02-05 11:34:00
Baltimore,MD,2021-01-22 05:41:00
Columbia,MD,2021-01-22 05:41:00
Germantown,MD,2021-01-22 05:41:00
Silver Spring,MD,2021-01-22 05:41:00
Waldorf,MD,2021-01-22 05:41:00
Ellicott City,MD,2021-01-22 05:41:00
Frederick,MD,2021-01-22 05:41:00
Glen Burnie ,MD,2021-01-22 05:41:00
Gaithersburg,MD,2021-01-27 14:50:00
Rockville,MD,2021-01-27 14:50:00
Bethesda,MD,2021-01-27 14:50:00
Dundalk,MD,2021-01-27 14:50:00
Bowie,MD,2021-01-27 14:50:00
Towson,MD,2021-01-27 14:50:00
Aspen Hill,MD,2021-01-27 14:50:00
Severn,MD,2021-01-27 14:50:00
Wheaton,MD,2021-01-27 14:50:00
Portland,ME,2021-02-05 11:34:00
Detroit,MI,2021-02-05 12:39:00
Grand Rapids city,MI,2021-02-05 12:39:00
Warren,MI,2021-02-05 12:46:00
Sterling Heights,MI,2021-02-05 12:46:00
Ann Arbor,MI,2021-02-05 12:46:00
Lansing,MI,2021-02-05 12:46:00
Clinton,MI,2021-02-05 12:46:00
Flint,MI,2021-02-05 12:46:00
Dearborn,MI,2021-02-05 12:46:00
Livonia,MI,2021-02-05 12:46:00
Canton,MI,2021-02-05 12:46:00
Macomb,MI,2021-02-05 12:46:00
Troy,MI,2021-02-05 12:46:00
Westland,MI,2021-02-05 12:46:00
Farmington Hills,MI,2021-02-05 12:46:00
Shelby,MI,2021-02-05 12:46:00
Kalamazoo,MI,2021-02-05 12:46:00
Wyoming,MI,2021-02-05 12:46:00
Rochester Hills,MI,2021-02-05 12:46:00
Southfield,MI,2021-02-05 12:46:00
Waterford,MI,2021-02-05 12:46:00
West Bloomfield,MI,2021-02-05 12:46:00
Taylor,MI,2021-02-05 12:46:00
Novi,MI,2021-02-05 12:46:00
Pontiac,MI,2021-02-05 12:46:00
St. Clair Shores,MI,2021-02-05 12:46:00
Royal Oak,MI,2021-02-05 12:46:00
Dearborn Heights,MI,2021-02-05 12:46:00
Ypsilanti,MI,2021-02-05 12:46:00
Georgetown,MI,2021-02-05 12:46:00
Kentwood,MI,2021-02-05 12:46:00
Battle Creek,MI,2021-02-05 12:46:00
Minneapolis,MN,2021-01-01 13:56:00
New Hope,MN,2021-01-01 13:56:00
Maple Grove,MN,2021-01-01 13:56:00
Plymouth,MN,2021-01-01 13:56:00
Rochester,MN,2021-01-16 23:15:00
Duluth,MN,2021-01-16 23:15:00
Bloomington,MN,2021-01-16 23:15:00
Brooklyn Park,MN,2021-01-16 23:15:00
Woodbury,MN,2021-01-16 23:15:00
St. Cloud,MN,2021-01-16 23:15:00
Eagan,MN,2021-01-16 23:15:00
Eden Prairie,MN,2021-01-16 23:15:00
Blaine,MN,2021-01-16 23:15:00
St. Paul,MN,2021-01-16 23:15:00
Lakeville,MN,2021-01-27 14:50:00
Coon Rapids,MN,2021-01-27 14:50:00
Burnsville,MN,2021-01-27 14:50:00
Minnetonka,MN,2021-01-27 14:50:00
Apple Valley,MN,2021-01-27 14:50:00
Edina,MN,2021-01-27 14:50:00
Kansas City,MO,2021-02-05 12:46:00
St. Louis,MO,2021-02-05 12:46:00
Springfield,MO,2021-02-05 12:46:00
Columbia,MO,2021-02-05 12:46:00
Independence,MO,2021-02-05 12:46:00
Lee's Summit,MO,2021-02-05 12:46:00
O'Fallon,MO,2021-02-05 12:46:00
St. Joseph,MO,2021-02-05 12:46:00
St. Charles,MO,2021-02-05 12:46:00
St. Peters,MO,2021-02-05 12:46:00
Blue Springs,MO,2021-02-05 12:46:00
Florissant,MO,2021-02-05 12:46:00
Joplin,MO,2021-02-05 12:46:00
Jackson,MS,2021-02-05 12:46:00
Gulfport,MS,2021-02-05 12:46:00
Southaven,MS,2021-02-05 12:46:00
Billings,MT,2021-02-05 12:46:00
Missoula,MT,2021-02-05 12:46:00
Great Falls,MT,2021-02-05 12:46:00
Durham,NC,2020-12-29 23:32:00
Raleigh,NC,2020-12-27 08:27:00
Cary,NC,2020-12-27 08:27:00
Greensboro,NC,2020-12-27 08:27:00
Fayetteville,NC,2020-12-27 08:27:00
Charlotte,NC,2020-12-27 08:27:00
Chapel Hill,NC,2021-01-06 07:20:00
Burlington,NC,2021-01-06 07:20:00
Winston-Salem,NC,2021-01-06 07:20:00
Highpoint,NC,2021-01-06 07:20:00
Wilmington,NC,2021-01-15 11:27:00
Asheville,NC,2021-01-15 11:27:00
Concord,NC,2021-01-15 11:27:00
Gastonia,NC,2021-01-15 11:27:00
Jacksonville,NC,2021-01-15 11:27:00
Apex,NC,2021-01-15 11:27:00
Huntersville,NC,2021-01-15 11:27:00
Rocky Mount,NC,2021-01-15 11:27:00
Kannapolis,NC,2021-01-15 11:27:00
Fargo,ND,2021-02-05 20:39:00
Bismarck,ND,2021-02-05 20:39:00
Grand Forks,ND,2021-02-05 20:39:00
Omaha,NE,2021-02-05 12:46:00
Lincoln,NE,2021-02-05 12:46:00
Bellevue,NE,2021-02-05 12:46:00
Grand Island,NE,2021-02-05 12:46:00
Manchester,NH,2021-02-05 12:46:00
Nashua,NH,2021-02-05 12:46:00
Newark,NJ,2021-02-05 12:46:00
Jersey City,NJ,2021-02-05 12:46:00
Paterson,NJ,2021-02-05 12:46:00
Elizabeth,NJ,2021-02-05 12:46:00
Lakewood,NJ,2021-02-05 12:46:00
Edison,NJ,2021-02-05 12:46:00
Woodbridge,NJ,2021-02-05 12:46:00
Toms River,NJ,2021-02-05 12:46:00
Hamilton township,NJ,2021-02-05 12:46:00
Clifton,NJ,2021-02-05 12:46:00
Trenton,NJ,2021-02-05 12:46:00
Brick,NJ,2021-02-05 12:46:00
Camden,NJ,2021-02-05 12:46:00
Cherry Hill,NJ,2021-02-05 12:46:00
Passaic,NJ,2021-02-05 12:46:00
Union City,NJ,2021-02-05 12:46:00
Old Bridge,NJ,2021-02-05 12:46:00
Franklin,NJ,2021-02-05 12:46:00
Middletown,NJ,2021-02-05 12:46:00
Bayonne,NJ,2021-02-05 12:46:00
East Orange,NJ,2021-02-05 12:46:00
Gloucester,NJ,2021-02-05 12:46:00
North Bergen,NJ,2021-02-05 12:46:00
Vineland,NJ,2021-02-05 12:46:00
Union township,NJ,2021-02-05 12:46:00
Jackson,NJ,2021-02-05 12:46:00
Piscataway,NJ,2021-02-05 12:46:00
New Brunswick,NJ,2021-02-05 12:46:00
Irvington,NJ,2021-02-05 12:46:00
Wayne,NJ,2021-02-05 12:46:00
Hoboken,NJ,2021-02-05 12:46:00
West New York,NJ,2021-02-05 12:46:00
Parsippany Troy Hills,NJ,2021-02-05 12:46:00
Howell,NJ,2021-02-05 12:46:00
Perth Amboy,NJ,2021-02-05 12:46:00
Plainfield,NJ,2021-02-05 12:46:00
Albuquerque,NM,2021-02-05 12:46:00
Las Cruces,NM,2021-02-05 12:46:00
Rio Rancho,NM,2021-02-05 12:46:00
Santa Fe,NM,2021-02-05 12:46:00
Las Vegas,NV,2021-02-05 12:46:00
Henderson,NV,2021-02-05 12:46:00
Reno,NV,2021-02-05 12:46:00
North Las Vegas,NV,2021-02-05 12:46:00
Paradise,NV,2021-02-05 12:46:00
Spring Valley,NV,2021-02-05 12:46:00
Sunrise Manor,NV,2021-02-05 12:46:00
Enterprise,NV,2021-02-05 12:46:00
Sparks,NV,2021-02-05 12:46:00
Carson City,NV,2021-02-05 12:46:00
New York,NY,2021-02-07 07:55:00
Hempstead,NY,2021-02-05 13:13:00
Brookhaven,NY,2021-02-05 13:13:00
Islip,NY,2021-02-05 13:13:00
Oyster Bay,NY,2021-02-05 13:13:00
Buffalo,NY,2021-02-05 13:13:00
North Hempstead,NY,2021-02-05 13:13:00
Babylon,NY,2021-02-05 13:13:00
Rochester,NY,2021-02-05 13:13:00
Huntington,NY,2021-02-05 13:13:00
Yonkers,NY,2021-02-05 13:13:00
Syracuse,NY,2021-02-05 13:13:00
Ramapo,NY,2021-02-05 13:13:00
Amherst,NY,2021-02-05 13:13:00
Smithtown,NY,2021-02-05 13:13:00
Albany,NY,2021-02-05 13:13:00
Greece,NY,2021-02-05 13:13:00
Greenburgh,NY,2021-02-05 13:13:00
Clarkstown,NY,2021-02-05 13:13:00
Cheektowaga,NY,2021-02-05 13:13:00
Colonie,NY,2021-02-05 13:13:00
New Rochelle,NY,2021-02-05 13:13:00
Tonawanda town,NY,2021-02-05 13:13:00
Mount Vernon,NY,2021-02-05 13:13:00
Schenectady,NY,2021-02-05 13:13:00
Utica,NY,2021-02-05 13:13:00
Clay,NY,2021-02-05 13:13:00
Hamburg,NY,2021-02-05 13:13:00
White Plains,NY,2021-02-05 13:13:00
Southampton,NY,2021-02-05 13:13:00
Hempstead village,NY,2021-02-05 13:13:00
Union,NY,2021-02-05 13:13:00
Irondequoit,NY,2021-02-05 13:13:00
Columbus,OH,2021-02-05 20:39:00
Cleveland,OH,2021-02-05 20:39:00
Cincinnati,OH,2021-02-05 20:39:00
Toledo,OH,2021-02-05 20:39:00
Akron,OH,2021-02-05 20:39:00
Dayton,OH,2021-02-05 20:39:00
Parma,OH,2021-02-05 20:39:00
Canton,OH,2021-02-05 20:39:00
Youngstown,OH,2021-02-05 20:39:00
Lorain,OH,2021-02-05 20:39:00
Hamilton,OH,2021-02-05 20:39:00
Springfield,OH,2021-02-05 20:43:00
Kettering,OH,2021-02-05 20:43:00
Elyria,OH,2021-02-05 20:43:00
Lakewood,OH,2021-02-05 20:43:00
Oklahoma City,OK,2021-02-05 20:43:00
Tulsa,OK,2021-02-05 20:43:00
Norman,OK,2021-02-05 20:43:00
Broken Arrow,OK,2021-02-05 20:43:00
Lawton,OK,2021-02-05 20:43:00
Edmond,OK,2021-02-05 20:43:00
Moore,OK,2021-02-05 20:43:00
Midwest City,OK,2021-02-05 20:43:00
Enid,OK,2021-02-05 20:43:00
Portland,OR,2021-02-05 20:43:00
Salem,OR,2021-02-05 20:43:00
Eugene,OR,2021-02-05 20:43:00
Gresham,OR,2021-02-05 20:43:00
Hillsboro,OR,2021-02-05 20:43:00
Beaverton,OR,2021-02-05 20:43:00
Bend,OR,2021-02-05 20:43:00
Medford,OR,2021-02-05 20:43:00
Springfield,OR,2021-02-05 20:43:00
Corvallis,OR,2021-02-05 20:43:00
Aloha,OR,2021-02-05 20:43:00
Philadephia,PA,2021-01-27 14:50:00
Pittsburg,PA,2021-01-27 14:50:00
Allentown,PA,2021-01-27 14:50:00
Erie,PA,2021-01-27 14:50:00
Reading City,PA,2021-01-27 14:50:00
Upper Darby,PA,2021-01-27 14:50:00
Scranton,PA,2021-01-27 14:50:00
Bensalem,PA,2021-01-27 14:50:00
Lancaster City,PA,2021-01-27 14:50:00
Lower Merion,PA,2021-01-27 14:50:00
Bethlehem,PA,2021-01-27 14:53:00
Abington,PA,2021-01-27 14:53:00
Bristol Township,PA,2021-01-27 14:53:00
Millcreek Township,PA,2021-01-27 14:53:00
Providence,RI,2021-02-05 20:43:00
Cranston,RI,2021-02-05 20:43:00
Warwick,RI,2021-02-05 20:43:00
Pawtucket,RI,2021-02-05 20:43:00
Charleston,SC,2021-01-22 05:41:00
Columbia,SC,2021-01-22 05:41:00
North Charleston,SC,2021-01-22 05:41:00
Mount Pleasant,SC,2021-01-22 05:41:00
Rock Hill,SC,2021-01-22 05:41:00
Greenville,SC,2021-01-22 05:41:00
Summerville,SC,2021-01-22 05:41:00
Sioux Falls,SD,2021-02-05 20:43:00
Rapid City,SD,2021-02-05 20:43:00
Nashville,TN,2021-02-05 20:43:00
Memphis,TN,2021-02-05 20:43:00
Knoxville,TN,2021-02-05 20:43:00
Chattanooga,TN,2021-02-05 20:43:00
Clarksville,TN,2021-02-05 20:43:00
Murfreesboro,TN,2021-02-05 20:43:00
Franklin,TN,2021-02-05 20:43:00
Jackson,TN,2021-02-05 20:43:00
Johnson City,TN,2021-02-05 20:43:00
Bartlett,TN,2021-02-05 20:43:00
Hendersonville,TN,2021-02-05 20:43:00
Kingsport,TN,2021-02-05 20:43:00
Collierville,TN,2021-02-05 20:43:00
Houston,TX,2021-02-05 20:43:00
San Antonio,TX,2021-02-05 20:43:00
Dallas,TX,2021-02-05 20:43:00
Austin,TX,2021-02-05 20:43:00
Fort Worth,TX,2021-02-05 20:43:00
El Paso,TX,2021-02-05 20:43:00
Arlington,TX,2021-02-05 20:43:00
Corpus Christi,TX,2021-02-05 20:43:00
Plano,TX,2021-02-05 20:43:00
Laredo,TX,2021-02-05 20:43:00
Lubbock,TX,2021-02-05 20:43:00
Irving,TX,2021-02-05 20:43:00
Garland,TX,2021-02-05 20:43:00
Amarillo,TX,2021-02-05 20:43:00
Grand Prairie,TX,2021-02-05 20:43:00
Brownsville,TX,2021-02-05 20:43:00
McKinney,TX,2021-02-05 20:43:00
Frisco,TX,2021-02-05 20:43:00
Pasadena,TX,2021-02-05 20:43:00
Killeen,TX,2021-02-05 20:43:00
Mesquite,TX,2021-02-05 20:43:00
McAllen,TX,2021-02-05 20:43:00
Midland,TX,2021-02-05 20:43:00
Denton,TX,2021-02-05 20:43:00
Waco,TX,2021-02-05 20:43:00
Carrollton,TX,2021-02-05 20:43:00
Round Rock,TX,2021-02-05 20:43:00
Abilene,TX,2021-02-05 20:43:00
Pearland,TX,2021-02-05 20:43:00
Odessa,TX,2021-02-05 20:43:00
Sugar Land,TX,2021-02-05 20:43:00
Beaumont,TX,2021-02-05 20:43:00
Richardson,TX,2021-02-05 20:43:00
The Woodlands,TX,2021-02-05 20:43:00
College Station,TX,2021-02-05 20:43:00
Lewisville,TX,2021-02-05 20:43:00
Tyler,TX,2021-02-05 20:43:00
Wichita Falls,TX,2021-02-05 20:43:00
League City,TX,2021-02-05 20:43:00
Allen,TX,2021-02-05 20:43:00
San Angelo,TX,2021-02-05 20:43:00
Edinburg,TX,2021-02-05 20:43:00
Conroe,TX,2021-02-05 20:43:00
Bryan,TX,2021-02-05 20:43:00
Mission,TX,2021-02-05 20:43:00
Longview,TX,2021-02-05 20:43:00
Atascocita,TX,2021-02-05 20:43:00
New Braunfels,TX,2021-02-05 20:43:00
Pharr,TX,2021-02-05 20:43:00
Baytown,TX,2021-02-05 20:43:00
Flower Mound,TX,2021-02-05 20:43:00
Cedar Park,TX,2021-02-05 20:43:00
Temple,TX,2021-02-05 20:43:00
Missouri City,TX,2021-02-05 20:43:00
Georgetown,TX,2021-02-05 20:43:00
North Richland Hills,TX,2021-02-05 20:43:00
Mansfield,TX,2021-02-05 20:43:00
Victoria,TX,2021-02-05 20:43:00
Harlingen,TX,2021-02-05 20:43:00
Rowlett,TX,2021-02-05 20:43:00
San Marcos,TX,2021-02-05 20:43:00
Pflugerville,TX,2021-02-05 20:43:00
Spring,TX,2021-02-05 20:43:00
Euless,TX,2021-02-05 20:43:00
Port Arthur,TX,2021-02-05 20:43:00
Leander,TX,2021-02-05 20:43:00
Grapevine,TX,2021-02-05 20:43:00
DeSoto,TX,2021-02-05 20:43:00
Galveston,TX,2021-02-05 20:43:00
Salt Lake City,UT,2021-02-05 20:43:00
West Valley City,UT,2021-02-05 20:43:00
Provo,UT,2021-02-05 20:43:00
West Jordan,UT,2021-02-05 20:43:00
Orem,UT,2021-02-05 20:43:00
Sandy,UT,2021-02-05 20:43:00
Ogden,UT,2021-02-05 20:43:00
St. George,UT,2021-02-05 20:43:00
Layton,UT,2021-02-05 20:43:00
South Jordan,UT,2021-02-05 20:43:00
Lehi,UT,2021-02-05 20:43:00
Millcreek,UT,2021-02-05 20:43:00
Taylorsville,UT,2021-02-05 20:43:00
Logan,UT,2021-02-05 20:43:00
Virginia Beach,VA,2021-01-20 22:12:00
Norfolk,VA,2021-01-20 22:12:00
Chesapeake,VA,2021-01-20 22:12:00
Arlington,VA,2021-01-20 22:12:00
Richmond,VA,2021-01-20 22:12:00
Newport News,VA,2021-01-20 22:12:00
Alexandria,VA,2021-01-20 22:12:00
Hampton,VA,2021-01-20 22:12:00
Roanoke,VA,2021-01-20 22:12:00
Portsmouth,VA,2021-01-20 22:12:00
Suffolk,VA,2021-01-20 22:12:00
Lynchburg,VA,2021-01-20 22:12:00
Centreville,VA,2021-01-20 22:12:00
Dale City,VA,2021-01-20 22:12:00
Reston,VA,2021-01-20 22:12:00
Harrisonburg,VA,2021-01-20 22:12:00
Leesburg,VA,2021-01-20 22:12:00
Burlington,VT,2021-02-05 20:43:00
Seattle,WA,2021-02-05 20:43:00
Spokane,WA,2021-02-05 20:43:00
Tacoma,WA,2021-02-05 20:43:00
Vancouver,WA,2021-02-05 20:43:00
Bellevue,WA,2021-02-05 20:43:00
Kent,WA,2021-02-05 20:43:00
Everett,WA,2021-02-05 20:43:00
Renton,WA,2021-02-05 20:43:00
Spokane Valley,WA,2021-02-05 20:43:00
Federal Way,WA,2021-02-05 20:43:00
Yakima,WA,2021-02-05 20:43:00
Kirkland,WA,2021-02-05 20:43:00
Bellingham,WA,2021-02-05 20:43:00
Kennewick,WA,2021-02-05 20:43:00
Auburn,WA,2021-02-05 20:43:00
Pasco,WA,2021-02-05 20:43:00
Marysville,WA,2021-02-05 20:43:00
Redmond,WA,2021-02-05 20:43:00
Sammamish,WA,2021-02-05 20:43:00
South Hill,WA,2021-02-05 20:43:00
Lakewood,WA,2021-02-05 20:43:00
Richland,WA,2021-02-05 20:43:00
Shoreline,WA,2021-02-05 20:43:00
Olympia,WA,2021-02-05 20:43:00
Burien,WA,2021-02-05 20:43:00
Milwaukee,WI,2021-02-05 20:43:00
Madison,WI,2021-02-05 20:43:00
Green Bay,WI,2021-02-05 20:43:00
Kenosha,WI,2021-02-05 20:43:00
Racine,WI,2021-02-05 20:43:00
Appleton,WI,2021-02-05 20:43:00
Waukesha,WI,2021-02-05 20:43:00
Eau Claire,WI,2021-02-05 20:43:00
Oshkosh,WI,2021-02-05 20:43:00
Janesville,WI,2021-02-05 20:43:00
West Allis,WI,2021-02-05 20:43:00
La Crosse,WI,2021-02-05 20:43:00
Charleston,WV,2021-02-05 20:43:00
Cheyenne,WY,2021-02-05 20:43:00
Casper,WY,2021-02-05 20:43:00
Azusa,CA,2021-02-08 14:29:00
Poway,CA,2021-02-08 14:29:00
Cypress,CA,2021-02-08 14:29:00
La Mirada,CA,2021-02-08 14:29:00
Rancho Santa Margarita,CA,2021-02-08 14:29:00
Antelope,CA,2021-02-08 14:29:00
Ceres,CA,2021-02-08 14:29:00
Covina,CA,2021-02-08 14:29:00
San Jacinto,CA,2021-02-08 14:29:00
Palm Springs,CA,2021-02-08 14:29:00
North Highlands,CA,2021-02-08 14:29:00
Florin,CA,2021-02-08 14:29:00
Lincoln,CA,2021-02-08 14:29:00
San Luis Obispo,CA,2021-02-08 14:29:00
Newark,CA,2021-02-08 14:29:00
Beaumont,CA,2021-02-08 14:29:00
El Dorado Hills,CA,2021-02-08 14:29:00
Coachella,CA,2021-02-08 14:29:00
Altadena,CA,2021-02-08 14:29:00
Morgan Hill,CA,2021-02-08 14:29:00
Danville,CA,2021-02-08 14:29:00
El Centro,CA,2021-02-08 14:29:00
Lompoc,CA,2021-02-08 14:29:00
San Bruno,CA,2021-02-08 14:29:00
Rohnert Park,CA,2021-02-08 14:29:00
Brea,CA,2021-02-08 14:29:00
Bell Gardens,CA,2021-02-08 14:29:00
Campbell,CA,2021-02-08 14:29:00
Rancho Palos Verdes,CA,2021-02-08 14:29:00
Oakley,CA,2021-02-08 14:29:00
La Quinta,CA,2021-02-08 14:29:00
San Gabriel,CA,2021-02-08 14:29:00
La Puente,CA,2021-02-08 14:29:00
Calexico,CA,2021-02-08 14:29:00
Culver City,CA,2021-02-08 14:29:00
Montclair,CA,2021-02-08 14:29:00
Pacifica,CA,2021-02-08 14:29:00
Los Banos,CA,2021-02-08 14:29:00
Hollister,CA,2021-02-08 14:29:00
Stanton,CA,2021-02-08 14:29:00
Martinez,CA,2021-02-08 14:29:00
La Presa,CA,2021-02-08 14:29:00
Monrovia,CA,2021-02-08 14:29:00
West Hollywood,CA,2021-02-08 14:29:00
Wildomar,CA,2021-02-08 14:29:00
Moorpark,CA,2021-02-08 14:29:00
French Valley,CA,2021-02-08 14:29:00
Claremont,CA,2021-02-08 14:29:00
Temple City,CA,2021-02-08 14:29:00
San Juan Capistrano,CA,2021-02-08 14:29:00
Foothill Farms,CA,2021-02-08 14:29:00
Bell,CA,2021-02-08 14:29:00
Manhattan Beach,CA,2021-02-08 14:29:00
Westmont,CA,2021-02-08 14:29:00
Pleasant Hill,CA,2021-02-08 14:29:00
Orangevale,CA,2021-02-08 14:29:00
Oildale,CA,2021-02-08 14:29:00
Beverly Hills,CA,2021-02-08 14:29:00
Menlo Park,CA,2021-02-08 14:29:00
San Dimas,CA,2021-02-08 14:29:00
Foster City,CA,2021-02-08 14:29:00
Seaside,CA,2021-02-08 14:29:00
Dana Point,CA,2021-02-08 14:29:00
Adelanto,CA,2021-02-08 14:29:00
Lawndale,CA,2021-02-08 14:29:00
La Verne,CA,2021-02-08 14:29:00
El Paso de Robles (Paso Robles),CA,2021-02-08 14:29:00
Fallbrook,CA,2021-02-08 14:29:00
Spring Valley,CA,2021-02-08 14:36:00
Laguna Hills,CA,2021-02-08 14:37:00
Orcutt,CA,2021-02-08 14:37:00
Banning,CA,2021-02-08 14:37:00
Fair Oaks,CA,2021-02-08 14:37:00
Goleta,CA,2021-02-08 14:37:00
San Pablo,CA,2021-02-08 14:37:00
Los Gatos,CA,2021-02-08 14:37:00
Saratoga,CA,2021-02-08 14:37:00
Burlingame,CA,2021-02-08 14:37:00
Los Altos,CA,2021-02-08 14:37:00
San Carlos,CA,2021-02-08 14:37:00
Atascadero,CA,2021-02-08 14:37:00
Santa Paula,CA,2021-02-08 14:37:00
Walnut,CA,2021-02-08 14:37:00
East Palo Alto,CA,2021-02-08 14:37:00
Suisun City,CA,2021-02-08 14:37:00
Atwater,CA,2021-02-08 14:37:00
Ridgecrest,CA,2021-02-08 14:37:00
Desert Hot Springs,CA,2021-02-08 14:37:00
Vineyard,CA,2021-02-08 14:37:00
Monterey,CA,2021-02-08 14:37:00
Benicia,CA,2021-02-08 14:37:00
Isla Vista,CA,2021-02-08 14:37:00
Temescal Valley,CA,2021-02-08 14:37:00
Windsor,CA,2021-02-08 14:37:00
Maywood,CA,2021-02-08 14:37:00
Imperial Beach,CA,2021-02-08 14:37:00
Ladera Ranch,CA,2021-02-08 14:37:00
Wasco,CA,2021-02-08 14:37:00
Belmont,CA,2021-02-08 14:37:00
Eureka,CA,2021-02-08 14:37:00
Lemon Grove,CA,2021-02-08 14:37:00
Norco,CA,2021-02-08 14:37:00
West Whittier-Los Nietos,CA,2021-02-08 14:37:00
Lafayette,CA,2021-02-08 14:37:00
Twentynine Palms,CA,2021-02-08 14:37:00
Lemoore,CA,2021-02-08 14:37:00
Brawley,CA,2021-02-08 14:37:00
Galt,CA,2021-02-08 14:37:00
Bay Point,CA,2021-02-08 14:37:00
Soledad,CA,2021-02-08 14:37:00
South Pasadena,CA,2021-02-08 14:37:00
Hercules,CA,2021-02-08 14:37:00
Reedley,CA,2021-02-08 14:37:00
San Lorenzo,CA,2021-02-08 14:37:00
El Cerrito,CA,2021-02-08 14:37:00
Sanger,CA,2021-02-08 14:37:00
North Tustin,CA,2021-02-08 14:37:00
Selma,CA,2021-02-08 14:37:00
San Fernando,CA,2021-02-08 14:37:00
Riverbank,CA,2021-02-08 14:37:00
Ashland,CA,2021-02-08 14:37:00
Seal Beach,CA,2021-02-08 14:37:00
Loma Linda,CA,2021-02-08 14:37:00
Dinuba,CA,2021-02-08 14:37:00
Calabasas,CA,2021-02-08 14:37:00
Barstow,CA,2021-02-08 14:37:00
Cudahy,CA,2021-02-08 14:37:00
Valinda,CA,2021-02-08 14:37:00
Coronado,CA,2021-02-08 14:37:00
Rosemont,CA,2021-02-08 14:37:00
Winter Gardens,CA,2021-02-08 14:37:00
West Puente Valley,CA,2021-02-08 14:37:00
Granite Bay,CA,2021-02-08 14:37:00
Laguna Beach,CA,2021-02-08 14:37:00
Oakdale,CA,2021-02-08 14:37:00
West Rancho Dominguez,CA,2021-02-08 14:37:00
Willowbrook,CA,2021-02-08 14:37:00
Millbrae,CA,2021-02-08 14:37:00
Lathrop,CA,2021-02-08 14:37:00
Corcoran,CA,2021-02-08 14:37:00
Paradise,CA,2021-02-08 14:37:00
West Carson,CA,2021-02-08 14:37:00
Patterson,CA,2021-02-08 14:37:00
Marina,CA,2021-02-08 14:37:00
South Lake Tahoe,CA,2021-02-08 14:37:00
Lakeside,CA,2021-02-08 14:37:00
Bloomington,CA,2021-02-08 14:37:00
Lennox,CA,2021-02-08 14:37:00
Rancho San Diego,CA,2021-02-08 14:37:00
Yucca Valley,CA,2021-02-08 14:37:00
Duarte,CA,2021-02-08 14:37:00
Ramona,CA,2021-02-08 14:37:00
Arvin,CA,2021-02-08 14:37:00
Rosamond,CA,2021-02-08 14:37:00
South El Monte,CA,2021-02-08 14:37:00
Agoura Hills,CA,2021-02-08 14:37:00
Lomita,CA,2021-02-08 14:37:00
Prunedale,CA,2021-02-08 14:37:00
La Canada Flintridge,CA,2021-02-08 14:47:00
Linda,CA,2021-02-08 14:37:00
East Hemet,CA,2021-02-08 14:37:00
Mead Valley,CA,2021-02-08 14:37:00
Dixon,CA,2021-02-08 14:37:00
South San Jose Hills,CA,2021-02-08 14:37:00
Albany,CA,2021-02-08 14:37:00
La Crescenta-Montrose,CA,2021-02-08 14:37:00
Orinda,CA,2021-02-08 14:37:00
Blythe,CA,2021-02-08 14:37:00
Hermosa Beach,CA,2021-02-08 14:37:00
Shafter,CA,2021-02-08 14:37:00
Castaic,CA,2021-02-08 14:37:00
Oroville,CA,2021-02-08 14:37:00
Pinole,CA,2021-02-08 14:37:00
Stevenson Ranch,CA,2021-02-08 14:37:00
Cameron Park,CA,2021-02-08 14:37:00
Chowchilla,CA,2021-02-08 14:37:00
Rancho Mirage,CA,2021-02-08 14:37:00
Arcata,CA,2021-02-08 14:37:00
Arroyo Grande,CA,2021-02-08 14:37:00
Mountain House,CA,2021-02-08 14:37:00
Woodcrest,CA,2021-02-08 14:37:00
Santa Fe Springs,CA,2021-02-08 14:37:00
Valle Vista,CA,2021-02-08 14:37:00
Nipomo,CA,2021-02-08 14:37:00
Moraga,CA,2021-02-08 14:37:00
Imperial,CA,2021-02-08 14:37:00
Greenfield,CA,2021-02-08 14:47:00
McKinleyville,CA,2021-02-08 14:47:00
Coalinga,CA,2021-02-08 14:47:00
Live Oak,CA,2021-02-08 14:47:00
Rosedale,CA,2021-02-08 14:47:00
Artesia,CA,2021-02-08 14:47:00
El Segundo,CA,2021-02-08 14:47:00
Bostonia,CA,2021-02-08 14:47:00
Los Osos,CA,2021-02-08 14:47:00
Truckee,CA,2021-02-08 14:47:00
Rio Linda,CA,2021-02-08 14:47:00
Stanford,CA,2021-02-08 14:47:00
East San Gabriel,CA,2021-02-08 14:47:00
Vincent,CA,2021-02-08 14:47:00
Discovery Bay,CA,2021-02-08 14:47:00
Cherryland,CA,2021-02-08 14:47:00
Laguna Woods,CA,2021-02-08 14:47:00
Phelan,CA,2021-02-08 14:47:00
Ukiah,CA,2021-02-08 14:47:00
Walnut Park,CA,2021-02-08 14:47:00
Parkway,CA,2021-02-08 14:47:00
East Rancho Dominguez,CA,2021-02-08 14:47:00
Ripon,CA,2021-02-08 14:47:00
Fillmore,CA,2021-02-08 14:47:00
La Palma,CA,2021-02-08 14:47:00
Pacific Grove,CA,2021-02-08 14:47:00
Avocado Heights,CA,2021-02-08 14:47:00
Clearlake,CA,2021-02-08 14:47:00
Parlier,CA,2021-02-08 14:47:00
Susanville,CA,2021-02-08 14:47:00
Coto de Caza,CA,2021-02-08 14:47:00
Alamo,CA,2021-02-08 14:47:00
Alpine,CA,2021-02-08 14:47:00
McFarland,CA,2021-02-08 14:47:00
Kerman,CA,2021-02-08 14:47:00
Lamont,CA,2021-02-08 14:47:00
Lemon Hill,CA,2021-02-08 14:47:00
North Fair Oaks,CA,2021-02-08 14:47:00
Hawaiian Gardens,CA,2021-02-08 14:47:00
Mill Valley,CA,2021-02-08 14:47:00
North Auburn,CA,2021-02-08 14:47:00
Red Bluff,CA,2021-02-08 14:47:00
Salida,CA,2021-02-08 14:47:00
Livingston,CA,2021-02-08 14:47:00
Auburn,CA,2021-02-08 14:47:00
King City,CA,2021-02-08 14:47:00
El Sobrante,CA,2021-02-08 14:50:00
Oak Park,CA,2021-02-08 14:50:00
California City,CA,2021-02-08 14:50:00
Sun Village,CA,2021-02-08 14:50:00
El Sobrante,CA,2021-02-08 14:50:00
Grover Beach,CA,2021-02-08 14:50:00
Carpinteria,CA,2021-02-08 14:50:00
Olivehurst,CA,2021-02-08 14:50:00
Big Bear City,CA,2021-02-08 14:50:00
Palos Verdes Estates,CA,2021-02-08 14:50:00
Solana Beach,CA,2021-02-08 14:50:00
Lindsay,CA,2021-02-08 14:50:00
San Marino,CA,2021-02-08 14:50:00
Lakeland Village,CA,2021-02-08 14:50:00
Avenal,CA,2021-02-08 14:50:00
Grass Valley,CA,2021-02-08 14:50:00
Half Moon Bay,CA,2021-02-08 14:50:00
Commerce,CA,2021-02-08 14:50:00
Bonita,CA,2021-02-08 14:50:00
Tehachapi,CA,2021-02-08 14:50:00
Malibu,CA,2021-02-08 14:50:00
Muscoy,CA,2021-02-08 14:50:00
San Anselmo,CA,2021-02-08 14:50:00
Grand Terrace,CA,2021-02-08 14:50:00
Marysville,CA,2021-02-08 14:50:00
Larkspur,CA,2021-02-08 14:50:00
Delhi,CA,2021-02-08 14:50:00
Fortuna,CA,2021-02-08 14:50:00
Home Gardens,CA,2021-02-08 14:50:00
Clayton,CA,2021-02-08 14:50:00
Kingsburg,CA,2021-02-08 14:50:00
Emeryville,CA,2021-02-08 14:54:00
Scotts Valley,CA,2021-02-08 14:54:00
Healdsburg,CA,2021-02-08 14:54:00
View Park-Windsor Hills,CA,2021-02-08 14:54:00
Lake Los Angeles,CA,2021-02-08 14:54:00
Diamond Springs,CA,2021-02-08 14:54:00
Tamalpais-Homestead Valley,CA,2021-02-08 14:54:00
Alum Rock,CA,2021-02-08 14:54:00
Los Alamitos,CA,2021-02-08 14:54:00
Mendota,CA,2021-02-08 14:54:00
Signal Hill,CA,2021-02-08 14:54:00
Magalia,CA,2021-02-08 14:54:00
Hillsborough,CA,2021-02-08 14:54:00
Piedmont,CA,2021-02-08 14:54:00
Winton,CA,2021-02-08 14:54:00
Canyon Lake,CA,2021-02-08 14:54:00
Rossmoor,CA,2021-02-08 14:54:00
Valley Center,CA,2021-02-08 14:54:00
Sonoma,CA,2021-02-08 14:54:00
Placerville,CA,2021-02-08 14:54:00
Sierra Madre,CA,2021-02-08 14:54:00
Soquel,CA,2021-02-08 14:54:00
La Riviera,CA,2021-02-08 14:54:00
Farmersville,CA,2021-02-08 14:54:00
Morro Bay,CA,2021-02-08 14:54:00
Fairview,CA,2021-02-08 14:54:00
San Diego Country Estates,CA,2021-02-08 14:54:00
Exeter,CA,2021-02-08 14:54:00
Oak Hills,CA,2021-02-08 14:54:00
Rodeo,CA,2021-02-08 14:54:00
Anderson,CA,2021-02-08 14:54:00
East Whittier,CA,2021-02-08 14:54:00
Orange Cove,CA,2021-02-08 14:54:00
Shasta Lake,CA,2021-02-08 14:54:00
Citrus,CA,2021-02-08 14:54:00
Capitola,CA,2021-02-08 14:54:00
Charter Oak,CA,2021-02-08 14:54:00
Quartz Hill,CA,2021-02-08 14:54:00
Del Aire,CA,2021-02-08 14:54:00
Country Club,CA,2021-02-08 14:54:00
Garden Acres,CA,2021-02-08 14:54:00
Fort Irwin,CA,2021-02-08 14:54:00
Madera Acres,CA,2021-02-08 14:54:00
Marina del Rey,CA,2021-02-08 14:54:00
Corte Madera,CA,2021-02-08 14:54:00
Mentone,CA,2021-02-08 14:54:00
West Athens,CA,2021-02-08 14:54:00
Rio del Mar,CA,2021-02-08 14:54:00
Blackhawk,CA,2021-02-08 14:54:00
Bonadelle Ranchos-Madera Ranchos,CA,2021-02-08 14:54:00
Taft,CA,2021-02-08 14:54:00
Golden Hills,CA,2021-02-08 14:54:00
Good Hope,CA,2021-02-08 14:54:00
Tiburon,CA,2021-02-08 14:54:00
Rio Vista,CA,2021-02-08 14:54:00
Lake Arrowhead,CA,2021-02-08 14:54:00
Waterford,CA,2021-02-08 14:54:00
Calimesa,CA,2021-02-08 14:54:00
Cloverdale,CA,2021-02-08 14:54:00
Crestline,CA,2021-02-08 14:54:00
Live Oak city,CA,2021-02-08 14:54:00
Earlimart,CA,2021-02-08 14:54:00
Los Altos Hills,CA,2021-02-08 14:54:00
August,CA,2021-02-08 14:54:00
Spring Valley Lake,CA,2021-02-08 14:54:00
Gonzales,CA,2021-02-08 14:54:00
Westlake Village,CA,2021-02-08 14:54:00
Midway City,CA,2021-02-08 14:54:00
Larkfield-Wikiup,CA,2021-02-08 14:54:00
Firebaugh,CA,2021-02-08 14:54:00
Alondra Park,CA,2021-02-08 14:54:00
Montecito,CA,2021-02-08 14:54:00
Pismo Beach,CA,2021-02-08 14:54:00
Rolling Hills Estates,CA,2021-02-08 14:54:00
South San Gabriel,CA,2021-02-08 14:54:00
Cherry Valley,CA,2021-02-08 14:54:00
Vandenberg Village,CA,2021-02-08 14:54:00
Topanga,CA,2021-02-08 14:54:00
Templeton,CA,2021-02-08 14:54:00
Interlaken,CA,2021-02-08 14:54:00
Oroville East,CA,2021-02-08 14:54:00
Sebastopol,CA,2021-02-08 14:54:00
Ione,CA,2021-02-08 14:54:00
Boyes Hot Springs,CA,2021-02-08 14:54:00
Pinon Hills,CA,2021-02-08 14:59:00
Orland,CA,2021-02-08 14:59:00
Corning,CA,2021-02-08 14:59:00
Joshua Tree,CA,2021-02-08 14:59:00
Fairfax,CA,2021-02-08 14:59:00
Plumas Lake,CA,2021-02-08 14:59:00
Yreka,CA,2021-02-08 14:59:00
Escalon,CA,2021-02-08 14:59:00
Ojai,CA,2021-02-08 14:59:00
Oceano,CA,2021-02-08 14:59:00
Hughson,CA,2021-02-08 14:59:00
Cotati,CA,2021-02-08 14:59:00
Guadalupe,CA,2021-02-08 14:59:00
Calipatria,CA,2021-02-08 14:59:00
Fort Bragg,CA,2021-02-08 15:03:00
Alta Sierra,CA,2021-02-08 15:03:00
Acton,CA,2021-02-08 15:03:00
Winters,CA,2021-02-08 15:03:00
Nuevo,CA,2021-02-08 15:03:00
Atherton,CA,2021-02-08 15:03:00
Pollock Pines,CA,2021-02-08 15:03:00
Sausalito,CA,2021-02-08 15:03:00
Huron,CA,2021-02-08 15:03:00
Homeland,CA,2021-02-08 15:03:00
Rancho Calaveras,CA,2021-02-08 15:03:00
Kentfield,CA,2021-02-08 15:03:00
Franklin,CA,2021-02-08 15:03:00
Thermalito,CA,2021-02-08 15:03:00
Ben Lomond,CA,2021-02-08 15:03:00
San Martin,CA,2021-02-08 15:09:22
Thousand Palms,CA,2021-02-08 15:09:22
Lake Mathews,CA,2021-02-08 15:09:22
Loomis,CA,2021-02-08 15:09:22
Desert Palms,CA,2021-02-08 15:09:22
Gridley,CA,2021-02-08 15:09:22
Bermuda Dunes,CA,2021-02-08 15:09:22
Lucas Valley-Marinwood,CA,2021-02-08 15:09:22
Crescent City,CA,2021-02-08 15:09:22
Mecca,CA,2021-02-08 15:09:22
Mira Monte,CA,2021-02-08 15:09:22
Ladera Heights,CA,2021-02-08 15:09:22
La Habra Heights,CA,2021-02-08 15:09:22
South Monrovia Island,CA,2021-02-08 15:09:22
Contra Costa Centre,CA,2021-02-08 15:09:22
Keyes,CA,2021-02-08 15:09:22
Holtville,CA,2021-02-08 15:09:22
Castroville,CA,2021-02-08 15:09:22
Aptos,CA,2021-02-08 15:09:22
El Rio,CA,2021-02-08 15:09:22
East Porterville,CA,2021-02-08 15:09:22
Salton City,CA,2021-02-08 15:09:22
East Foothills,CA,2021-02-08 15:09:22
Saranap,CA,2021-02-08 15:09:22
East Pasadena,CA,2021-02-08 15:09:22
Eucalyptus Hills,CA,2021-02-08 15:09:22
Fruitridge Pocket,CA,2021-02-08 15:09:22
Colusa,CA,2021-02-08 15:09:22
El Granada,CA,2021-02-08 15:09:22
St. Helena,CA,2021-02-08 15:09:22
Pleasure Point,CA,2021-02-08 15:09:22
Willows,CA,2021-02-08 15:09:22
Durham,CA,2021-02-08 15:09:22
Lucerne Valley,CA,2021-02-08 15:09:22
Greenacres,CA,2021-02-08 15:09:22
Mayflower Village,CA,2021-02-08 15:09:22
Villa Park,CA,2021-02-08 15:09:22
Old Fig Garden,CA,2021-02-08 15:09:22
Silver Lakes,CA,2021-02-08 15:09:22
Gustine,CA,2021-02-08 15:09:22
Solvang,CA,2021-02-08 15:09:22
Highgrove,CA,2021-02-08 15:09:22
West Modesto,CA,2021-02-08 15:09:22
Hilmar-Irwin,CA,2021-02-08 15:09:22
Rancho Murieta,CA,2021-02-08 15:09:22
Wilton,CA,2021-02-08 15:09:22
Cambria,CA,2021-02-08 15:09:22
El Cerrito,CA,2021-02-08 15:09:22
Elverta,CA,2021-02-08 15:09:22
Woodside,CA,2021-02-08 15:09:22
Hidden Valley Lake,CA,2021-02-08 15:09:22
Strawberry,CA,2021-02-08 15:09:22
Yosemite Lakes,CA,2021-02-08 15:09:22
Jamul,CA,2021-02-08 15:09:22
Palermo,CA,2021-02-08 15:09:22
Indian Wells,CA,2021-02-08 15:09:22
Dos Palos,CA,2021-02-08 15:09:22
Kensington,CA,2021-02-08 15:09:22
Bear Valley Springs,CA,2021-02-08 15:09:22
Garnet,CA,2021-02-08 15:09:22
Calistoga,CA,2021-02-08 15:09:22
Big Bear Lake,CA,2021-02-08 15:09:22
Lake Wildwood,CA,2021-02-08 15:09:22
Williams,CA,2021-02-08 15:09:22
Myrtletown,CA,2021-02-08 15:09:22
Cutler,CA,2021-02-08 15:09:22
Twin Lakes,CA,2021-02-08 15:09:22
Boulder Creek,CA,2021-02-08 15:09:22
Broadmoor,CA,2021-02-08 15:09:22
Bret Harte,CA,2021-02-08 15:09:22
Tara Hills,CA,2021-02-08 15:09:22
Denair,CA,2021-02-08 15:09:22
Buellton,CA,2021-02-08 15:09:22
Burbank,CA,2021-02-08 15:09:22
Guerneville,CA,2021-02-08 15:09:22
Port Hueneme,CA,2021-02-08 15:09:22
American Canyon,CA,2021-02-08 15:09:22
Casa de Oro-Mount Helix,CA,2021-02-08 15:09:22
Newman,CA,2021-02-08 15:09:22
Orosi,CA,2021-02-08 15:09:22
Mammoth Lakes,CA,2021-02-08 15:09:22
Woodlake,CA,2021-02-08 15:09:22
Gold River,CA,2021-02-08 15:09:22
Fowler,CA,2021-02-08 15:09:22
Las Flores,CA,2021-02-08 15:09:22
